USE SetAlShamDB;

-- 1. DELETE EXISTING DATA to allow re-runs safely
SET FOREIGN_KEY_CHECKS = 0;
TRUNCATE TABLE Feedback; TRUNCATE TABLE Payments; TRUNCATE TABLE OrderItems; TRUNCATE TABLE Orders; TRUNCATE TABLE Reservations; TRUNCATE TABLE LoyaltyAccounts; TRUNCATE TABLE Customers; TRUNCATE TABLE Shifts; TRUNCATE TABLE Employees; TRUNCATE TABLE DiningTables; TRUNCATE TABLE MenuItems; TRUNCATE TABLE Categories; TRUNCATE TABLE Inventory; TRUNCATE TABLE SupplierOrders; TRUNCATE TABLE Ingredients; TRUNCATE TABLE Suppliers;
SET FOREIGN_KEY_CHECKS = 1;

-- Populate Categories
INSERT INTO Categories (CategoryID, CategoryName, Description) VALUES (1, 'Soups', 'Soups items');
INSERT INTO Categories (CategoryID, CategoryName, Description) VALUES (2, 'Salads', 'Salads items');
INSERT INTO Categories (CategoryID, CategoryName, Description) VALUES (3, 'Charcoal Special', 'Charcoal Special items');
INSERT INTO Categories (CategoryID, CategoryName, Description) VALUES (4, 'Lebanese Grill', 'Lebanese Grill items');
INSERT INTO Categories (CategoryID, CategoryName, Description) VALUES (5, 'Indian Grill', 'Indian Grill items');
INSERT INTO Categories (CategoryID, CategoryName, Description) VALUES (6, 'Seafood Grill', 'Seafood Grill items');
INSERT INTO Categories (CategoryID, CategoryName, Description) VALUES (7, 'Shawarma Special', 'Shawarma Special items');
INSERT INTO Categories (CategoryID, CategoryName, Description) VALUES (8, 'Biriyani Special', 'Biriyani Special items');
INSERT INTO Categories (CategoryID, CategoryName, Description) VALUES (9, 'Fried Rice & Noodles', 'Fried Rice & Noodles items');
INSERT INTO Categories (CategoryID, CategoryName, Description) VALUES (10, 'Chinese specials', 'Chinese specials items');
INSERT INTO Categories (CategoryID, CategoryName, Description) VALUES (11, 'Indian non veg', 'Indian non veg items');
INSERT INTO Categories (CategoryID, CategoryName, Description) VALUES (12, 'Indian Veg', 'Indian Veg items');
INSERT INTO Categories (CategoryID, CategoryName, Description) VALUES (13, 'Pizza special', 'Pizza special items');
INSERT INTO Categories (CategoryID, CategoryName, Description) VALUES (14, 'Pasta', 'Pasta items');
INSERT INTO Categories (CategoryID, CategoryName, Description) VALUES (15, 'Manakish', 'Manakish items');
INSERT INTO Categories (CategoryID, CategoryName, Description) VALUES (16, 'Paratha sandwich', 'Paratha sandwich items');
INSERT INTO Categories (CategoryID, CategoryName, Description) VALUES (17, 'Burger sandwich', 'Burger sandwich items');
INSERT INTO Categories (CategoryID, CategoryName, Description) VALUES (18, 'Slice Items', 'Slice Items items');
INSERT INTO Categories (CategoryID, CategoryName, Description) VALUES (19, 'Grilled Sandwich', 'Grilled Sandwich items');
INSERT INTO Categories (CategoryID, CategoryName, Description) VALUES (20, 'Combo sandwich', 'Combo sandwich items');
INSERT INTO Categories (CategoryID, CategoryName, Description) VALUES (21, 'WRAP SANDWICH', 'WRAP SANDWICH items');
INSERT INTO Categories (CategoryID, CategoryName, Description) VALUES (22, 'Club sandwich', 'Club sandwich items');
INSERT INTO Categories (CategoryID, CategoryName, Description) VALUES (23, 'Plate Items', 'Plate Items items');
INSERT INTO Categories (CategoryID, CategoryName, Description) VALUES (24, 'Fresh Juice', 'Fresh Juice items');
INSERT INTO Categories (CategoryID, CategoryName, Description) VALUES (25, 'Mojito', 'Mojito items');
INSERT INTO Categories (CategoryID, CategoryName, Description) VALUES (26, 'Special Juice', 'Special Juice items');
INSERT INTO Categories (CategoryID, CategoryName, Description) VALUES (27, 'Dessert Special', 'Dessert Special items');
INSERT INTO Categories (CategoryID, CategoryName, Description) VALUES (28, 'Milk Shake', 'Milk Shake items');
INSERT INTO Categories (CategoryID, CategoryName, Description) VALUES (29, 'Falooda', 'Falooda items');

-- Populate MenuItems (Directly from restaurant_menu.csv)
INSERT INTO MenuItems (ItemID, CategoryID, ItemName, BasePrice, ItemType) VALUES (1, 1, 'CHICKEN SOUP', 11.00, 'Main');
INSERT INTO MenuItems (ItemID, CategoryID, ItemName, BasePrice, ItemType) VALUES (2, 1, 'VEG. SOUP', 9.00, 'Main');
INSERT INTO MenuItems (ItemID, CategoryID, ItemName, BasePrice, ItemType) VALUES (3, 1, 'SWEET CORN SOUP-CHI/VEG', 11.00, 'Main');
INSERT INTO MenuItems (ItemID, CategoryID, ItemName, BasePrice, ItemType) VALUES (4, 1, 'CHI MUSHROOM SOUP', 11.00, 'Main');
INSERT INTO MenuItems (ItemID, CategoryID, ItemName, BasePrice, ItemType) VALUES (5, 1, 'MANCHOW SOUP-CHI/VEG', 11.00, 'Main');
INSERT INTO MenuItems (ItemID, CategoryID, ItemName, BasePrice, ItemType) VALUES (6, 1, 'NOODLE SOUP-CHI/BEEF', 11.00, 'Main');
INSERT INTO MenuItems (ItemID, CategoryID, ItemName, BasePrice, ItemType) VALUES (7, 1, 'HOT SOUR SOUP (CLV)', 11.00, 'Main');
INSERT INTO MenuItems (ItemID, CategoryID, ItemName, BasePrice, ItemType) VALUES (8, 1, 'WANTON SOUP (VEG)', 11.00, 'Main');
INSERT INTO MenuItems (ItemID, CategoryID, ItemName, BasePrice, ItemType) VALUES (9, 1, 'WANTON SOUP (CHI)', 11.00, 'Main');
INSERT INTO MenuItems (ItemID, CategoryID, ItemName, BasePrice, ItemType) VALUES (10, 1, 'SEAFOOD SOUP', 16.00, 'Main');
INSERT INTO MenuItems (ItemID, CategoryID, ItemName, BasePrice, ItemType) VALUES (11, 2, 'GREEN SALAD', 10.00, 'Main');
INSERT INTO MenuItems (ItemID, CategoryID, ItemName, BasePrice, ItemType) VALUES (12, 2, 'HUMMUS SET', 5.00, 'Main');
INSERT INTO MenuItems (ItemID, CategoryID, ItemName, BasePrice, ItemType) VALUES (13, 2, 'TABOULA', 14.00, 'Main');
INSERT INTO MenuItems (ItemID, CategoryID, ItemName, BasePrice, ItemType) VALUES (14, 2, 'ARABIC SALAD', 14.00, 'Main');
INSERT INTO MenuItems (ItemID, CategoryID, ItemName, BasePrice, ItemType) VALUES (15, 2, 'FATHOUSH', 14.00, 'Main');
INSERT INTO MenuItems (ItemID, CategoryID, ItemName, BasePrice, ItemType) VALUES (16, 2, 'GREEK SALAD', 17.00, 'Main');
INSERT INTO MenuItems (ItemID, CategoryID, ItemName, BasePrice, ItemType) VALUES (17, 3, 'GREEN CHILLY', 18.00, 'Main');
INSERT INTO MenuItems (ItemID, CategoryID, ItemName, BasePrice, ItemType) VALUES (18, 3, 'JUICY TURKISH CHARCOAL', 18.00, 'Main');
INSERT INTO MenuItems (ItemID, CategoryID, ItemName, BasePrice, ItemType) VALUES (19, 3, 'SET AL SHAM SPECIAL CHARCOAL', 23.00, 'Main');
INSERT INTO MenuItems (ItemID, CategoryID, ItemName, BasePrice, ItemType) VALUES (20, 4, 'MIX GRILL SPECIAL', 32.00, 'Main');
INSERT INTO MenuItems (ItemID, CategoryID, ItemName, BasePrice, ItemType) VALUES (21, 4, 'ARAYES CHI/MUT', 30.00, 'Main');
INSERT INTO MenuItems (ItemID, CategoryID, ItemName, BasePrice, ItemType) VALUES (22, 4, 'SHEESH TAWGOK', 27.00, 'Main');
INSERT INTO MenuItems (ItemID, CategoryID, ItemName, BasePrice, ItemType) VALUES (23, 4, 'CHI. KEBAB', 26.00, 'Main');
INSERT INTO MenuItems (ItemID, CategoryID, ItemName, BasePrice, ItemType) VALUES (24, 4, 'MUTTON KEBAB', 28.00, 'Main');
INSERT INTO MenuItems (ItemID, CategoryID, ItemName, BasePrice, ItemType) VALUES (25, 4, 'CHI WINGS', 24.00, 'Main');
INSERT INTO MenuItems (ItemID, CategoryID, ItemName, BasePrice, ItemType) VALUES (26, 4, 'MUTTON TIKKA', 30.00, 'Main');
INSERT INTO MenuItems (ItemID, CategoryID, ItemName, BasePrice, ItemType) VALUES (27, 4, 'CHICKEN TIKKA', 27.00, 'Main');
INSERT INTO MenuItems (ItemID, CategoryID, ItemName, BasePrice, ItemType) VALUES (28, 4, 'MIX TIKKA', 30.00, 'Main');
INSERT INTO MenuItems (ItemID, CategoryID, ItemName, BasePrice, ItemType) VALUES (29, 4, 'MALAI TIKKA', 30.00, 'Main');
INSERT INTO MenuItems (ItemID, CategoryID, ItemName, BasePrice, ItemType) VALUES (30, 4, 'HARIYALI TIKKA', 30.00, 'Main');
INSERT INTO MenuItems (ItemID, CategoryID, ItemName, BasePrice, ItemType) VALUES (31, 5, 'TANDOORI CHICKEN', 18.00, 'Main');
INSERT INTO MenuItems (ItemID, CategoryID, ItemName, BasePrice, ItemType) VALUES (32, 6, 'KING FISH FRY', 18.00, 'Main');
INSERT INTO MenuItems (ItemID, CategoryID, ItemName, BasePrice, ItemType) VALUES (33, 6, 'SEA BREEM', 15.00, 'Main');
INSERT INTO MenuItems (ItemID, CategoryID, ItemName, BasePrice, ItemType) VALUES (34, 6, 'SHERRY FRY', 15.00, 'Main');
INSERT INTO MenuItems (ItemID, CategoryID, ItemName, BasePrice, ItemType) VALUES (35, 6, 'HAMOUR', 15.00, 'Main');
INSERT INTO MenuItems (ItemID, CategoryID, ItemName, BasePrice, ItemType) VALUES (36, 7, 'Shawarma Burger', 15.00, 'Main');
INSERT INTO MenuItems (ItemID, CategoryID, ItemName, BasePrice, ItemType) VALUES (37, 7, 'Chicken Shawarma Plate', 24.00, 'Main');
INSERT INTO MenuItems (ItemID, CategoryID, ItemName, BasePrice, ItemType) VALUES (38, 7, 'SHAWARMA CHICKEN Small/Large', 6.00, 'Main');
INSERT INTO MenuItems (ItemID, CategoryID, ItemName, BasePrice, ItemType) VALUES (39, 7, 'Hammus shwarma plate', 25.00, 'Main');
INSERT INTO MenuItems (ItemID, CategoryID, ItemName, BasePrice, ItemType) VALUES (40, 7, 'HASSAN MATHER', 8.00, 'Main');
INSERT INTO MenuItems (ItemID, CategoryID, ItemName, BasePrice, ItemType) VALUES (41, 7, 'SHAWARMA MEXICAN PLATE', 23.00, 'Main');
INSERT INTO MenuItems (ItemID, CategoryID, ItemName, BasePrice, ItemType) VALUES (42, 7, 'SHAWARMA WITH RICE (BIRIYANI)', 24.00, 'Main');
INSERT INTO MenuItems (ItemID, CategoryID, ItemName, BasePrice, ItemType) VALUES (43, 7, 'CHEESY HASSAN MATHER', 9.00, 'Main');
INSERT INTO MenuItems (ItemID, CategoryID, ItemName, BasePrice, ItemType) VALUES (44, 7, 'SUPER SPECIAL SHAWARMA', 23.00, 'Main');
INSERT INTO MenuItems (ItemID, CategoryID, ItemName, BasePrice, ItemType) VALUES (45, 7, 'MEXICAN SHAWARMA', 16.00, 'Main');
INSERT INTO MenuItems (ItemID, CategoryID, ItemName, BasePrice, ItemType) VALUES (46, 7, 'ARABIC SHAWARMA', 16.00, 'Main');
INSERT INTO MenuItems (ItemID, CategoryID, ItemName, BasePrice, ItemType) VALUES (47, 8, 'CHICKEN BIRIYANI', 13.00, 'Main');
INSERT INTO MenuItems (ItemID, CategoryID, ItemName, BasePrice, ItemType) VALUES (48, 8, 'GRILLED CHICKEN BIRIYANI', 22.00, 'Main');
INSERT INTO MenuItems (ItemID, CategoryID, ItemName, BasePrice, ItemType) VALUES (49, 8, 'Hamour Biriyani', 23.00, 'Main');
INSERT INTO MenuItems (ItemID, CategoryID, ItemName, BasePrice, ItemType) VALUES (50, 8, 'Biriyani Rice', 8.00, 'Main');
INSERT INTO MenuItems (ItemID, CategoryID, ItemName, BasePrice, ItemType) VALUES (51, 8, 'Tikka Rice', 23.00, 'Main');
INSERT INTO MenuItems (ItemID, CategoryID, ItemName, BasePrice, ItemType) VALUES (52, 8, 'Sheri biriyani', 24.00, 'Main');
INSERT INTO MenuItems (ItemID, CategoryID, ItemName, BasePrice, ItemType) VALUES (53, 8, 'Prawns biriyani', 28.00, 'Main');
INSERT INTO MenuItems (ItemID, CategoryID, ItemName, BasePrice, ItemType) VALUES (54, 8, 'VEG. BIRIYANI', 14.00, 'Main');
INSERT INTO MenuItems (ItemID, CategoryID, ItemName, BasePrice, ItemType) VALUES (55, 8, 'KINGFISH BIRIYANI', 16.00, 'Main');
INSERT INTO MenuItems (ItemID, CategoryID, ItemName, BasePrice, ItemType) VALUES (56, 8, 'MUTTON BIRIYANI', 18.00, 'Main');
INSERT INTO MenuItems (ItemID, CategoryID, ItemName, BasePrice, ItemType) VALUES (57, 9, 'PRAWNS FRIED RICE', 17.00, 'Main');
INSERT INTO MenuItems (ItemID, CategoryID, ItemName, BasePrice, ItemType) VALUES (58, 9, 'CHICKEN FRIED RICE', 15.00, 'Main');
INSERT INTO MenuItems (ItemID, CategoryID, ItemName, BasePrice, ItemType) VALUES (59, 9, 'VEG/EGG FRIED RICE', 14.00, 'Main');
INSERT INTO MenuItems (ItemID, CategoryID, ItemName, BasePrice, ItemType) VALUES (60, 9, 'SCHEZWAN NOODLES (PRAWNS/MIX)', 22.00, 'Main');
INSERT INTO MenuItems (ItemID, CategoryID, ItemName, BasePrice, ItemType) VALUES (61, 9, 'Schezwan Chicken Noodles/Fried Rice', 18.00, 'Main');
INSERT INTO MenuItems (ItemID, CategoryID, ItemName, BasePrice, ItemType) VALUES (62, 9, 'Mix Fried rice', 21.00, 'Main');
INSERT INTO MenuItems (ItemID, CategoryID, ItemName, BasePrice, ItemType) VALUES (63, 9, 'Schezwan Fried Rice (Prawns/Mix)', 22.00, 'Main');
INSERT INTO MenuItems (ItemID, CategoryID, ItemName, BasePrice, ItemType) VALUES (64, 9, 'Schezwan Fried Rice (Veg/Egg)', 16.00, 'Main');
INSERT INTO MenuItems (ItemID, CategoryID, ItemName, BasePrice, ItemType) VALUES (65, 9, 'EGG/VEG NOODLES', 15.00, 'Main');
INSERT INTO MenuItems (ItemID, CategoryID, ItemName, BasePrice, ItemType) VALUES (66, 9, 'Schezwan Noodles (Veg/Egg)', 16.00, 'Main');
INSERT INTO MenuItems (ItemID, CategoryID, ItemName, BasePrice, ItemType) VALUES (67, 9, 'CHICKEN NOODLES', 17.00, 'Main');
INSERT INTO MenuItems (ItemID, CategoryID, ItemName, BasePrice, ItemType) VALUES (68, 9, 'NOODLES (PRAWNS/MIX)', 21.00, 'Main');
INSERT INTO MenuItems (ItemID, CategoryID, ItemName, BasePrice, ItemType) VALUES (69, 10, 'CHICKEN LOLLIPOP', 17.00, 'Main');
INSERT INTO MenuItems (ItemID, CategoryID, ItemName, BasePrice, ItemType) VALUES (70, 10, 'Mushroom Chilly', 16.00, 'Main');
INSERT INTO MenuItems (ItemID, CategoryID, ItemName, BasePrice, ItemType) VALUES (71, 10, 'Paneer Chilly', 16.00, 'Main');
INSERT INTO MenuItems (ItemID, CategoryID, ItemName, BasePrice, ItemType) VALUES (72, 10, 'Gopi Chilly Dry', 15.00, 'Main');
INSERT INTO MenuItems (ItemID, CategoryID, ItemName, BasePrice, ItemType) VALUES (73, 10, 'Veg Manchurian', 15.00, 'Main');
INSERT INTO MenuItems (ItemID, CategoryID, ItemName, BasePrice, ItemType) VALUES (74, 10, 'Ginger Chicken', 17.00, 'Main');
INSERT INTO MenuItems (ItemID, CategoryID, ItemName, BasePrice, ItemType) VALUES (75, 10, 'Garlic Chicken', 17.00, 'Main');
INSERT INTO MenuItems (ItemID, CategoryID, ItemName, BasePrice, ItemType) VALUES (76, 10, 'Gobi Manchurian', 16.00, 'Main');
INSERT INTO MenuItems (ItemID, CategoryID, ItemName, BasePrice, ItemType) VALUES (77, 10, 'Schezwan Chicken', 20.00, 'Main');
INSERT INTO MenuItems (ItemID, CategoryID, ItemName, BasePrice, ItemType) VALUES (78, 10, 'Chicken 65', 19.00, 'Main');
INSERT INTO MenuItems (ItemID, CategoryID, ItemName, BasePrice, ItemType) VALUES (79, 10, 'CHICKEN CHILLI', 17.00, 'Main');
INSERT INTO MenuItems (ItemID, CategoryID, ItemName, BasePrice, ItemType) VALUES (80, 10, 'BEEF CHILLI', 19.00, 'Main');
INSERT INTO MenuItems (ItemID, CategoryID, ItemName, BasePrice, ItemType) VALUES (81, 10, 'DRAGON CHICKEN', 19.00, 'Main');
INSERT INTO MenuItems (ItemID, CategoryID, ItemName, BasePrice, ItemType) VALUES (82, 10, 'CHICKEN MANCHURIAN', 15.00, 'Main');
INSERT INTO MenuItems (ItemID, CategoryID, ItemName, BasePrice, ItemType) VALUES (83, 11, 'BUTTER CHICKEN', 18.00, 'Main');
INSERT INTO MenuItems (ItemID, CategoryID, ItemName, BasePrice, ItemType) VALUES (84, 11, 'Fish Fry', 15.00, 'Main');
INSERT INTO MenuItems (ItemID, CategoryID, ItemName, BasePrice, ItemType) VALUES (85, 11, 'Chicken/Mutton Masala', 14.00, 'Main');
INSERT INTO MenuItems (ItemID, CategoryID, ItemName, BasePrice, ItemType) VALUES (86, 11, 'Fish Masala', 18.00, 'Main');
INSERT INTO MenuItems (ItemID, CategoryID, ItemName, BasePrice, ItemType) VALUES (87, 11, 'Chicken Kadai', 18.00, 'Main');
INSERT INTO MenuItems (ItemID, CategoryID, ItemName, BasePrice, ItemType) VALUES (88, 11, 'BEEF DRY FRY', 18.00, 'Main');
INSERT INTO MenuItems (ItemID, CategoryID, ItemName, BasePrice, ItemType) VALUES (89, 11, 'MUTTON KADAI', 24.00, 'Main');
INSERT INTO MenuItems (ItemID, CategoryID, ItemName, BasePrice, ItemType) VALUES (90, 11, 'CHICKEN DRY FRY', 18.00, 'Main');
INSERT INTO MenuItems (ItemID, CategoryID, ItemName, BasePrice, ItemType) VALUES (91, 12, 'Dal fry', 10.00, 'Main');
INSERT INTO MenuItems (ItemID, CategoryID, ItemName, BasePrice, ItemType) VALUES (92, 12, 'Dal Thadkha', 10.00, 'Main');
INSERT INTO MenuItems (ItemID, CategoryID, ItemName, BasePrice, ItemType) VALUES (93, 12, 'Aloo Gopi', 12.00, 'Main');
INSERT INTO MenuItems (ItemID, CategoryID, ItemName, BasePrice, ItemType) VALUES (94, 12, 'Mix veg', 10.00, 'Main');
INSERT INTO MenuItems (ItemID, CategoryID, ItemName, BasePrice, ItemType) VALUES (95, 12, 'Mutter paneer', 15.00, 'Main');
INSERT INTO MenuItems (ItemID, CategoryID, ItemName, BasePrice, ItemType) VALUES (96, 12, 'Kadai Paneer', 18.00, 'Main');
INSERT INTO MenuItems (ItemID, CategoryID, ItemName, BasePrice, ItemType) VALUES (97, 12, 'Baingan masala', 13.00, 'Main');
INSERT INTO MenuItems (ItemID, CategoryID, ItemName, BasePrice, ItemType) VALUES (98, 12, 'Mushroom Masala', 16.00, 'Main');
INSERT INTO MenuItems (ItemID, CategoryID, ItemName, BasePrice, ItemType) VALUES (99, 12, 'PANEER DO PYAZA', 16.00, 'Main');
INSERT INTO MenuItems (ItemID, CategoryID, ItemName, BasePrice, ItemType) VALUES (100, 12, 'DAL MAKHANI', 10.00, 'Main');
INSERT INTO MenuItems (ItemID, CategoryID, ItemName, BasePrice, ItemType) VALUES (101, 12, 'BHINDI FRY', 13.00, 'Main');
INSERT INTO MenuItems (ItemID, CategoryID, ItemName, BasePrice, ItemType) VALUES (102, 12, 'ALOO PALAK', 12.00, 'Main');
INSERT INTO MenuItems (ItemID, CategoryID, ItemName, BasePrice, ItemType) VALUES (103, 13, 'PEPRONI PIZZA', 27.00, 'Main');
INSERT INTO MenuItems (ItemID, CategoryID, ItemName, BasePrice, ItemType) VALUES (104, 13, 'Vegetable Pizza', 24.00, 'Main');
INSERT INTO MenuItems (ItemID, CategoryID, ItemName, BasePrice, ItemType) VALUES (105, 13, 'Chicken Pizza', 27.00, 'Main');
INSERT INTO MenuItems (ItemID, CategoryID, ItemName, BasePrice, ItemType) VALUES (106, 13, 'Beef Pizza', 27.00, 'Main');
INSERT INTO MenuItems (ItemID, CategoryID, ItemName, BasePrice, ItemType) VALUES (107, 13, 'Hot Pizza', 27.00, 'Main');
INSERT INTO MenuItems (ItemID, CategoryID, ItemName, BasePrice, ItemType) VALUES (108, 13, 'Margareta Pizza', 27.00, 'Main');
INSERT INTO MenuItems (ItemID, CategoryID, ItemName, BasePrice, ItemType) VALUES (109, 13, 'Shrimps Pizza', 27.00, 'Main');
INSERT INTO MenuItems (ItemID, CategoryID, ItemName, BasePrice, ItemType) VALUES (110, 13, 'Shawarma Pizza', 27.00, 'Main');
INSERT INTO MenuItems (ItemID, CategoryID, ItemName, BasePrice, ItemType) VALUES (111, 13, 'SUPREME PIZZA', 27.00, 'Main');
INSERT INTO MenuItems (ItemID, CategoryID, ItemName, BasePrice, ItemType) VALUES (112, 14, 'PENNE WITH VEGETABLES', 22.00, 'Main');
INSERT INTO MenuItems (ItemID, CategoryID, ItemName, BasePrice, ItemType) VALUES (113, 14, 'FETTUCCINE WITH VEGETABLES', 22.00, 'Main');
INSERT INTO MenuItems (ItemID, CategoryID, ItemName, BasePrice, ItemType) VALUES (114, 14, 'SPAGATHI WITH VEGETABLES', 22.00, 'Main');
INSERT INTO MenuItems (ItemID, CategoryID, ItemName, BasePrice, ItemType) VALUES (115, 15, 'Zatar (Thyme)', 8.00, 'Main');
INSERT INTO MenuItems (ItemID, CategoryID, ItemName, BasePrice, ItemType) VALUES (116, 15, 'Zatar & Veggies', 9.00, 'Main');
INSERT INTO MenuItems (ItemID, CategoryID, ItemName, BasePrice, ItemType) VALUES (117, 15, 'Labnah', 9.00, 'Main');
INSERT INTO MenuItems (ItemID, CategoryID, ItemName, BasePrice, ItemType) VALUES (118, 15, 'Labnah & Veggies', 11.00, 'Main');
INSERT INTO MenuItems (ItemID, CategoryID, ItemName, BasePrice, ItemType) VALUES (119, 15, 'Zatar & Labnah', 11.00, 'Main');
INSERT INTO MenuItems (ItemID, CategoryID, ItemName, BasePrice, ItemType) VALUES (120, 15, 'Zatar Labmak & Veggies', 12.00, 'Main');
INSERT INTO MenuItems (ItemID, CategoryID, ItemName, BasePrice, ItemType) VALUES (121, 15, 'Cheese', 9.00, 'Main');
INSERT INTO MenuItems (ItemID, CategoryID, ItemName, BasePrice, ItemType) VALUES (122, 15, 'Cheese & Veggies', 10.00, 'Main');
INSERT INTO MenuItems (ItemID, CategoryID, ItemName, BasePrice, ItemType) VALUES (123, 15, 'Zatar & cheese', 12.00, 'Main');
INSERT INTO MenuItems (ItemID, CategoryID, ItemName, BasePrice, ItemType) VALUES (124, 15, 'Cheese & Mushroom', 12.00, 'Main');
INSERT INTO MenuItems (ItemID, CategoryID, ItemName, BasePrice, ItemType) VALUES (125, 15, 'Cheese & Shawarma', 13.00, 'Main');
INSERT INTO MenuItems (ItemID, CategoryID, ItemName, BasePrice, ItemType) VALUES (126, 15, 'Meat', 11.00, 'Main');
INSERT INTO MenuItems (ItemID, CategoryID, ItemName, BasePrice, ItemType) VALUES (127, 15, 'Chicken', 11.00, 'Main');
INSERT INTO MenuItems (ItemID, CategoryID, ItemName, BasePrice, ItemType) VALUES (128, 15, 'Pizza Manakish Chicken', 16.00, 'Main');
INSERT INTO MenuItems (ItemID, CategoryID, ItemName, BasePrice, ItemType) VALUES (129, 15, 'Zatar, Cheese & Veggies', 12.00, 'Main');
INSERT INTO MenuItems (ItemID, CategoryID, ItemName, BasePrice, ItemType) VALUES (130, 15, 'Cheese with Chilli', 10.00, 'Main');
INSERT INTO MenuItems (ItemID, CategoryID, ItemName, BasePrice, ItemType) VALUES (131, 15, 'Cheese & Egg', 11.00, 'Main');
INSERT INTO MenuItems (ItemID, CategoryID, ItemName, BasePrice, ItemType) VALUES (132, 15, 'Cheese, Egg & Veggies', 12.00, 'Main');
INSERT INTO MenuItems (ItemID, CategoryID, ItemName, BasePrice, ItemType) VALUES (133, 15, 'Cheese & Chicken', 12.00, 'Main');
INSERT INTO MenuItems (ItemID, CategoryID, ItemName, BasePrice, ItemType) VALUES (134, 15, 'Cheese & Meat', 12.00, 'Main');
INSERT INTO MenuItems (ItemID, CategoryID, ItemName, BasePrice, ItemType) VALUES (135, 15, 'Cheese & Hotdog', 11.00, 'Main');
INSERT INTO MenuItems (ItemID, CategoryID, ItemName, BasePrice, ItemType) VALUES (136, 15, 'Pizza Manakish Veggies', 15.00, 'Main');
INSERT INTO MenuItems (ItemID, CategoryID, ItemName, BasePrice, ItemType) VALUES (137, 16, 'Chicken Doritos Paratha', 8.00, 'Main');
INSERT INTO MenuItems (ItemID, CategoryID, ItemName, BasePrice, ItemType) VALUES (138, 16, 'Maska Cheese Paratha', 6.00, 'Main');
INSERT INTO MenuItems (ItemID, CategoryID, ItemName, BasePrice, ItemType) VALUES (139, 16, 'Shish Tawook Roll', 8.00, 'Main');
INSERT INTO MenuItems (ItemID, CategoryID, ItemName, BasePrice, ItemType) VALUES (140, 16, 'Shashook Paratha', 6.00, 'Main');
INSERT INTO MenuItems (ItemID, CategoryID, ItemName, BasePrice, ItemType) VALUES (141, 16, 'Beef Nashif Paratha', 6.00, 'Main');
INSERT INTO MenuItems (ItemID, CategoryID, ItemName, BasePrice, ItemType) VALUES (142, 16, 'Zinger Paratha', 8.00, 'Main');
INSERT INTO MenuItems (ItemID, CategoryID, ItemName, BasePrice, ItemType) VALUES (143, 16, 'Dynamite Fransisco', 8.00, 'Main');
INSERT INTO MenuItems (ItemID, CategoryID, ItemName, BasePrice, ItemType) VALUES (144, 16, 'Prawns Paratha', 9.00, 'Main');
INSERT INTO MenuItems (ItemID, CategoryID, ItemName, BasePrice, ItemType) VALUES (145, 16, 'Cajun Paratha', 7.00, 'Main');
INSERT INTO MenuItems (ItemID, CategoryID, ItemName, BasePrice, ItemType) VALUES (146, 16, 'Nuggets Paratha', 7.00, 'Main');
INSERT INTO MenuItems (ItemID, CategoryID, ItemName, BasePrice, ItemType) VALUES (147, 16, 'Fillet Paratha', 7.00, 'Main');
INSERT INTO MenuItems (ItemID, CategoryID, ItemName, BasePrice, ItemType) VALUES (148, 16, 'Kebab Paratha (Chi/Mut)', 8.00, 'Main');
INSERT INTO MenuItems (ItemID, CategoryID, ItemName, BasePrice, ItemType) VALUES (149, 16, 'Cheetos paratha', 6.00, 'Main');
INSERT INTO MenuItems (ItemID, CategoryID, ItemName, BasePrice, ItemType) VALUES (150, 16, 'Tikka Paratha', 7.00, 'Main');
INSERT INTO MenuItems (ItemID, CategoryID, ItemName, BasePrice, ItemType) VALUES (151, 16, 'Hotdog Oman Chips Paratha', 8.00, 'Main');
INSERT INTO MenuItems (ItemID, CategoryID, ItemName, BasePrice, ItemType) VALUES (152, 16, 'Nutella Paratha', 4.00, 'Main');
INSERT INTO MenuItems (ItemID, CategoryID, ItemName, BasePrice, ItemType) VALUES (153, 16, 'Oman Chips Paratha', 6.00, 'Main');
INSERT INTO MenuItems (ItemID, CategoryID, ItemName, BasePrice, ItemType) VALUES (154, 16, 'Fransisco Paratha', 8.00, 'Main');
INSERT INTO MenuItems (ItemID, CategoryID, ItemName, BasePrice, ItemType) VALUES (155, 16, 'Chilli Paratha', 7.00, 'Main');
INSERT INTO MenuItems (ItemID, CategoryID, ItemName, BasePrice, ItemType) VALUES (156, 16, 'Hotdog Paratha', 7.00, 'Main');
INSERT INTO MenuItems (ItemID, CategoryID, ItemName, BasePrice, ItemType) VALUES (157, 17, 'DOUBLE BURGER CHI.MUTTON/BEEF', 18.00, 'Main');
INSERT INTO MenuItems (ItemID, CategoryID, ItemName, BasePrice, ItemType) VALUES (158, 17, 'CHLETOS ZINGER BURGER', 18.00, 'Main');
INSERT INTO MenuItems (ItemID, CategoryID, ItemName, BasePrice, ItemType) VALUES (159, 17, 'Veg. Burger', 10.00, 'Main');
INSERT INTO MenuItems (ItemID, CategoryID, ItemName, BasePrice, ItemType) VALUES (160, 17, 'Chi/Mutton Burger', 11.00, 'Main');
INSERT INTO MenuItems (ItemID, CategoryID, ItemName, BasePrice, ItemType) VALUES (161, 17, 'Crispy Burger', 16.00, 'Main');
INSERT INTO MenuItems (ItemID, CategoryID, ItemName, BasePrice, ItemType) VALUES (162, 17, 'SET AL SHAM SP BURGER', 20.00, 'Main');
INSERT INTO MenuItems (ItemID, CategoryID, ItemName, BasePrice, ItemType) VALUES (163, 17, 'Crunchy Burger', 16.00, 'Main');
INSERT INTO MenuItems (ItemID, CategoryID, ItemName, BasePrice, ItemType) VALUES (164, 17, 'Angush Burger (Beef/Chicken)', 16.00, 'Main');
INSERT INTO MenuItems (ItemID, CategoryID, ItemName, BasePrice, ItemType) VALUES (165, 17, 'Fillet King Burger', 15.00, 'Main');
INSERT INTO MenuItems (ItemID, CategoryID, ItemName, BasePrice, ItemType) VALUES (166, 17, 'Lusty Zinker Burger', 15.00, 'Main');
INSERT INTO MenuItems (ItemID, CategoryID, ItemName, BasePrice, ItemType) VALUES (167, 17, 'Mutton grill Burger', 19.00, 'Main');
INSERT INTO MenuItems (ItemID, CategoryID, ItemName, BasePrice, ItemType) VALUES (168, 17, 'Fillet Burger', 13.00, 'Main');
INSERT INTO MenuItems (ItemID, CategoryID, ItemName, BasePrice, ItemType) VALUES (169, 17, 'Tikka Burger', 13.00, 'Main');
INSERT INTO MenuItems (ItemID, CategoryID, ItemName, BasePrice, ItemType) VALUES (170, 17, 'ZINGER CHIPS BURGER', 14.00, 'Main');
INSERT INTO MenuItems (ItemID, CategoryID, ItemName, BasePrice, ItemType) VALUES (171, 17, 'Nuggets Burger', 14.00, 'Main');
INSERT INTO MenuItems (ItemID, CategoryID, ItemName, BasePrice, ItemType) VALUES (172, 17, 'Grilled Tikka Burger', 17.00, 'Main');
INSERT INTO MenuItems (ItemID, CategoryID, ItemName, BasePrice, ItemType) VALUES (173, 17, 'Zinger Turkey Burger', 17.00, 'Main');
INSERT INTO MenuItems (ItemID, CategoryID, ItemName, BasePrice, ItemType) VALUES (174, 17, 'Jumbo Prawns burger', 15.00, 'Main');
INSERT INTO MenuItems (ItemID, CategoryID, ItemName, BasePrice, ItemType) VALUES (175, 18, 'Egg Slice', 5.00, 'Add-on');
INSERT INTO MenuItems (ItemID, CategoryID, ItemName, BasePrice, ItemType) VALUES (176, 18, 'Slice Jam', 5.00, 'Add-on');
INSERT INTO MenuItems (ItemID, CategoryID, ItemName, BasePrice, ItemType) VALUES (177, 18, 'Nuttella Slice', 5.00, 'Add-on');
INSERT INTO MenuItems (ItemID, CategoryID, ItemName, BasePrice, ItemType) VALUES (178, 18, 'Slice Jam With Cheese', 6.00, 'Add-on');
INSERT INTO MenuItems (ItemID, CategoryID, ItemName, BasePrice, ItemType) VALUES (179, 18, 'Mexican Slice', 6.00, 'Add-on');
INSERT INTO MenuItems (ItemID, CategoryID, ItemName, BasePrice, ItemType) VALUES (180, 19, 'Kebab Sandwich (Chi./Mutton)', 9.00, 'Main');
INSERT INTO MenuItems (ItemID, CategoryID, ItemName, BasePrice, ItemType) VALUES (181, 19, 'Meat Sandwich', 9.00, 'Main');
INSERT INTO MenuItems (ItemID, CategoryID, ItemName, BasePrice, ItemType) VALUES (182, 19, 'Shish Tawook Sandwich', 9.00, 'Main');
INSERT INTO MenuItems (ItemID, CategoryID, ItemName, BasePrice, ItemType) VALUES (183, 19, 'Grilled Chicken Tikka Sandwich', 9.00, 'Main');
INSERT INTO MenuItems (ItemID, CategoryID, ItemName, BasePrice, ItemType) VALUES (184, 19, 'Kebab or Grilled Meat or Grilled Chicken Sandwich with fries and Soft Drinks', 18.00, 'Main');
INSERT INTO MenuItems (ItemID, CategoryID, ItemName, BasePrice, ItemType) VALUES (185, 20, 'ZINKER CHEETOS', 16.00, 'Combo');
INSERT INTO MenuItems (ItemID, CategoryID, ItemName, BasePrice, ItemType) VALUES (186, 20, 'Zinker Cambo', 15.00, 'Combo');
INSERT INTO MenuItems (ItemID, CategoryID, ItemName, BasePrice, ItemType) VALUES (187, 20, 'Mathafi Cambo', 15.00, 'Combo');
INSERT INTO MenuItems (ItemID, CategoryID, ItemName, BasePrice, ItemType) VALUES (188, 20, 'Kebab Combo (Chi/Mut)', 13.00, 'Combo');
INSERT INTO MenuItems (ItemID, CategoryID, ItemName, BasePrice, ItemType) VALUES (189, 20, 'Italian Combo', 16.00, 'Combo');
INSERT INTO MenuItems (ItemID, CategoryID, ItemName, BasePrice, ItemType) VALUES (190, 20, 'Zinker Turkey Combo', 16.00, 'Combo');
INSERT INTO MenuItems (ItemID, CategoryID, ItemName, BasePrice, ItemType) VALUES (191, 20, 'Mushroom Combo', 15.00, 'Combo');
INSERT INTO MenuItems (ItemID, CategoryID, ItemName, BasePrice, ItemType) VALUES (192, 20, 'Zinker Shrimp Combo', 16.00, 'Combo');
INSERT INTO MenuItems (ItemID, CategoryID, ItemName, BasePrice, ItemType) VALUES (193, 20, 'Hotdog Chitoos', 16.00, 'Combo');
INSERT INTO MenuItems (ItemID, CategoryID, ItemName, BasePrice, ItemType) VALUES (194, 20, 'Crispy With Cheetos', 17.00, 'Combo');
INSERT INTO MenuItems (ItemID, CategoryID, ItemName, BasePrice, ItemType) VALUES (195, 20, 'Crunchy Combo', 16.00, 'Combo');
INSERT INTO MenuItems (ItemID, CategoryID, ItemName, BasePrice, ItemType) VALUES (196, 20, 'Chicken Lemon Combo', 16.00, 'Combo');
INSERT INTO MenuItems (ItemID, CategoryID, ItemName, BasePrice, ItemType) VALUES (197, 20, 'Popsy Chicken', 13.00, 'Combo');
INSERT INTO MenuItems (ItemID, CategoryID, ItemName, BasePrice, ItemType) VALUES (198, 20, 'Set Al Sham Combo', 16.00, 'Combo');
INSERT INTO MenuItems (ItemID, CategoryID, ItemName, BasePrice, ItemType) VALUES (199, 20, 'Nuggets combo', 16.00, 'Combo');
INSERT INTO MenuItems (ItemID, CategoryID, ItemName, BasePrice, ItemType) VALUES (200, 20, 'Mathafi Dynamite combo', 17.00, 'Combo');
INSERT INTO MenuItems (ItemID, CategoryID, ItemName, BasePrice, ItemType) VALUES (201, 20, 'Tikka Combo', 16.00, 'Combo');
INSERT INTO MenuItems (ItemID, CategoryID, ItemName, BasePrice, ItemType) VALUES (202, 20, 'Shawarma Combo', 13.00, 'Combo');
INSERT INTO MenuItems (ItemID, CategoryID, ItemName, BasePrice, ItemType) VALUES (203, 20, 'Zinger Doritos', 16.00, 'Combo');
INSERT INTO MenuItems (ItemID, CategoryID, ItemName, BasePrice, ItemType) VALUES (204, 20, 'Zinger Oman Chips', 16.00, 'Combo');
INSERT INTO MenuItems (ItemID, CategoryID, ItemName, BasePrice, ItemType) VALUES (205, 20, 'Jumbo Prwans', 16.00, 'Combo');
INSERT INTO MenuItems (ItemID, CategoryID, ItemName, BasePrice, ItemType) VALUES (206, 20, 'Mal Mal Mathafi Combo', 17.00, 'Combo');
INSERT INTO MenuItems (ItemID, CategoryID, ItemName, BasePrice, ItemType) VALUES (207, 20, 'Hotdog Combo', 11.00, 'Combo');
INSERT INTO MenuItems (ItemID, CategoryID, ItemName, BasePrice, ItemType) VALUES (208, 20, 'Spanish Combo', 16.00, 'Combo');
INSERT INTO MenuItems (ItemID, CategoryID, ItemName, BasePrice, ItemType) VALUES (209, 20, 'Butterfly Combo', 16.00, 'Combo');
INSERT INTO MenuItems (ItemID, CategoryID, ItemName, BasePrice, ItemType) VALUES (210, 21, 'MATHAFI WRAP', 14.00, 'Main');
INSERT INTO MenuItems (ItemID, CategoryID, ItemName, BasePrice, ItemType) VALUES (211, 21, 'ASPY WRAP', 13.00, 'Main');
INSERT INTO MenuItems (ItemID, CategoryID, ItemName, BasePrice, ItemType) VALUES (212, 21, 'SHEESH TAWOOK WRAP', 14.00, 'Main');
INSERT INTO MenuItems (ItemID, CategoryID, ItemName, BasePrice, ItemType) VALUES (213, 21, 'Crunchy Wrap', 16.00, 'Main');
INSERT INTO MenuItems (ItemID, CategoryID, ItemName, BasePrice, ItemType) VALUES (214, 21, 'Dip Doritos Wrap', 16.00, 'Main');
INSERT INTO MenuItems (ItemID, CategoryID, ItemName, BasePrice, ItemType) VALUES (215, 21, 'Egg Wrap', 12.00, 'Main');
INSERT INTO MenuItems (ItemID, CategoryID, ItemName, BasePrice, ItemType) VALUES (216, 21, 'Mashroom wrap', 12.00, 'Main');
INSERT INTO MenuItems (ItemID, CategoryID, ItemName, BasePrice, ItemType) VALUES (217, 21, 'Hotdog Wrap', 13.00, 'Main');
INSERT INTO MenuItems (ItemID, CategoryID, ItemName, BasePrice, ItemType) VALUES (218, 21, 'Zinger Turkey Wrap', 15.00, 'Main');
INSERT INTO MenuItems (ItemID, CategoryID, ItemName, BasePrice, ItemType) VALUES (219, 21, 'ZINGER WRAP', 13.00, 'Main');
INSERT INTO MenuItems (ItemID, CategoryID, ItemName, BasePrice, ItemType) VALUES (220, 21, 'NUGGETS WRAP', 13.00, 'Main');
INSERT INTO MenuItems (ItemID, CategoryID, ItemName, BasePrice, ItemType) VALUES (221, 21, 'ITALIAN WRAP', 14.00, 'Main');
INSERT INTO MenuItems (ItemID, CategoryID, ItemName, BasePrice, ItemType) VALUES (222, 21, 'TIKKA WRAP', 14.00, 'Main');
INSERT INTO MenuItems (ItemID, CategoryID, ItemName, BasePrice, ItemType) VALUES (223, 21, 'TWISTER WRAP', 15.00, 'Main');
INSERT INTO MenuItems (ItemID, CategoryID, ItemName, BasePrice, ItemType) VALUES (224, 22, 'Veg/Chicken Club', 13.00, 'Main');
INSERT INTO MenuItems (ItemID, CategoryID, ItemName, BasePrice, ItemType) VALUES (225, 22, 'Zinker Club', 15.00, 'Main');
INSERT INTO MenuItems (ItemID, CategoryID, ItemName, BasePrice, ItemType) VALUES (226, 22, 'Cheetos Club', 15.00, 'Main');
INSERT INTO MenuItems (ItemID, CategoryID, ItemName, BasePrice, ItemType) VALUES (227, 22, 'Mathafi Club', 15.00, 'Main');
INSERT INTO MenuItems (ItemID, CategoryID, ItemName, BasePrice, ItemType) VALUES (228, 22, 'FAMILY CLUB', 44.00, 'Main');
INSERT INTO MenuItems (ItemID, CategoryID, ItemName, BasePrice, ItemType) VALUES (229, 22, 'Mutton Club', 15.00, 'Main');
INSERT INTO MenuItems (ItemID, CategoryID, ItemName, BasePrice, ItemType) VALUES (230, 22, 'Hotdog Club', 15.00, 'Main');
INSERT INTO MenuItems (ItemID, CategoryID, ItemName, BasePrice, ItemType) VALUES (231, 22, 'Tikka Club', 15.00, 'Main');
INSERT INTO MenuItems (ItemID, CategoryID, ItemName, BasePrice, ItemType) VALUES (232, 22, 'Shawarma Club', 15.00, 'Main');
INSERT INTO MenuItems (ItemID, CategoryID, ItemName, BasePrice, ItemType) VALUES (233, 22, 'SET AL SHAM CLUB', 61.00, 'Main');
INSERT INTO MenuItems (ItemID, CategoryID, ItemName, BasePrice, ItemType) VALUES (234, 22, 'Mega Club', 16.00, 'Main');
INSERT INTO MenuItems (ItemID, CategoryID, ItemName, BasePrice, ItemType) VALUES (235, 22, 'Lulu Club', 15.00, 'Main');
INSERT INTO MenuItems (ItemID, CategoryID, ItemName, BasePrice, ItemType) VALUES (236, 23, 'Dynamite Samosa', 15.00, 'Main');
INSERT INTO MenuItems (ItemID, CategoryID, ItemName, BasePrice, ItemType) VALUES (237, 23, 'Dynamite Shrimp', 17.00, 'Main');
INSERT INTO MenuItems (ItemID, CategoryID, ItemName, BasePrice, ItemType) VALUES (238, 23, 'Dynamite Mixed plate', 17.00, 'Main');
INSERT INTO MenuItems (ItemID, CategoryID, ItemName, BasePrice, ItemType) VALUES (239, 23, 'Dynamite Mozeralla', 17.00, 'Main');
INSERT INTO MenuItems (ItemID, CategoryID, ItemName, BasePrice, ItemType) VALUES (240, 23, 'Strip Meal', 15.00, 'Main');
INSERT INTO MenuItems (ItemID, CategoryID, ItemName, BasePrice, ItemType) VALUES (241, 23, 'Chicken Crispy Dynamite', 17.00, 'Main');
INSERT INTO MenuItems (ItemID, CategoryID, ItemName, BasePrice, ItemType) VALUES (242, 23, 'Nuggets Plate', 11.00, 'Main');
INSERT INTO MenuItems (ItemID, CategoryID, ItemName, BasePrice, ItemType) VALUES (243, 23, 'Onion Rings', 9.00, 'Main');
INSERT INTO MenuItems (ItemID, CategoryID, ItemName, BasePrice, ItemType) VALUES (244, 23, 'Potato Cheetos', 14.00, 'Main');
INSERT INTO MenuItems (ItemID, CategoryID, ItemName, BasePrice, ItemType) VALUES (245, 23, 'Potato With Spicy Cheese', 15.00, 'Main');
INSERT INTO MenuItems (ItemID, CategoryID, ItemName, BasePrice, ItemType) VALUES (246, 23, 'Dynamite Shrimp Cheetos', 17.00, 'Main');
INSERT INTO MenuItems (ItemID, CategoryID, ItemName, BasePrice, ItemType) VALUES (247, 23, 'London Squid', 15.00, 'Main');
INSERT INTO MenuItems (ItemID, CategoryID, ItemName, BasePrice, ItemType) VALUES (248, 23, 'Potato Spicy', 13.00, 'Main');
INSERT INTO MenuItems (ItemID, CategoryID, ItemName, BasePrice, ItemType) VALUES (249, 23, 'Potato Wedges Normal/Cheese', 11.00, 'Main');
INSERT INTO MenuItems (ItemID, CategoryID, ItemName, BasePrice, ItemType) VALUES (250, 23, 'Pop Corn Fs Cheetos', 17.00, 'Main');
INSERT INTO MenuItems (ItemID, CategoryID, ItemName, BasePrice, ItemType) VALUES (251, 23, 'Mozzarila Striks', 19.00, 'Main');
INSERT INTO MenuItems (ItemID, CategoryID, ItemName, BasePrice, ItemType) VALUES (252, 23, 'Potato Fa Sauce', 15.00, 'Main');
INSERT INTO MenuItems (ItemID, CategoryID, ItemName, BasePrice, ItemType) VALUES (253, 23, 'Onion Rings Cheetos Dynamite', 18.00, 'Main');
INSERT INTO MenuItems (ItemID, CategoryID, ItemName, BasePrice, ItemType) VALUES (254, 23, 'Potato wedges', 11.00, 'Main');
INSERT INTO MenuItems (ItemID, CategoryID, ItemName, BasePrice, ItemType) VALUES (255, 23, 'French Fries', 7.00, 'Main');
INSERT INTO MenuItems (ItemID, CategoryID, ItemName, BasePrice, ItemType) VALUES (256, 23, 'Potato Wedges With FS Sauce', 17.00, 'Main');
INSERT INTO MenuItems (ItemID, CategoryID, ItemName, BasePrice, ItemType) VALUES (257, 23, 'Nuggets Crispy Dynamate', 18.00, 'Main');
INSERT INTO MenuItems (ItemID, CategoryID, ItemName, BasePrice, ItemType) VALUES (258, 23, 'Popcorn Fs Sauce', 17.00, 'Main');
INSERT INTO MenuItems (ItemID, CategoryID, ItemName, BasePrice, ItemType) VALUES (259, 24, 'LEMON MINT', 9.00, 'Beverage');
INSERT INTO MenuItems (ItemID, CategoryID, ItemName, BasePrice, ItemType) VALUES (260, 24, 'WATER MELON', 9.00, 'Beverage');
INSERT INTO MenuItems (ItemID, CategoryID, ItemName, BasePrice, ItemType) VALUES (261, 24, 'SWEET MELON', 9.00, 'Beverage');
INSERT INTO MenuItems (ItemID, CategoryID, ItemName, BasePrice, ItemType) VALUES (262, 24, 'MANGO', 9.00, 'Beverage');
INSERT INTO MenuItems (ItemID, CategoryID, ItemName, BasePrice, ItemType) VALUES (263, 24, 'PINEAPPLE', 9.00, 'Beverage');
INSERT INTO MenuItems (ItemID, CategoryID, ItemName, BasePrice, ItemType) VALUES (264, 24, 'COCKTAIL', 14.00, 'Beverage');
INSERT INTO MenuItems (ItemID, CategoryID, ItemName, BasePrice, ItemType) VALUES (265, 25, 'Raspberry Mojito', 15.00, 'Beverage');
INSERT INTO MenuItems (ItemID, CategoryID, ItemName, BasePrice, ItemType) VALUES (266, 25, 'Pomegrante Mojito', 15.00, 'Beverage');
INSERT INTO MenuItems (ItemID, CategoryID, ItemName, BasePrice, ItemType) VALUES (267, 25, 'Passion Fruit Mojito', 15.00, 'Beverage');
INSERT INTO MenuItems (ItemID, CategoryID, ItemName, BasePrice, ItemType) VALUES (268, 25, 'Strawberry Mojito', 15.00, 'Beverage');
INSERT INTO MenuItems (ItemID, CategoryID, ItemName, BasePrice, ItemType) VALUES (269, 25, 'Blueberry Mojito', 15.00, 'Beverage');
INSERT INTO MenuItems (ItemID, CategoryID, ItemName, BasePrice, ItemType) VALUES (270, 26, 'Awar Al Khalb', 17.00, 'Beverage');
INSERT INTO MenuItems (ItemID, CategoryID, ItemName, BasePrice, ItemType) VALUES (271, 26, 'Galaxy', 17.00, 'Beverage');
INSERT INTO MenuItems (ItemID, CategoryID, ItemName, BasePrice, ItemType) VALUES (272, 26, 'Fifty Fifty', 17.00, 'Beverage');
INSERT INTO MenuItems (ItemID, CategoryID, ItemName, BasePrice, ItemType) VALUES (273, 26, 'Thabakath', 17.00, 'Beverage');
INSERT INTO MenuItems (ItemID, CategoryID, ItemName, BasePrice, ItemType) VALUES (274, 26, 'SET AL SHAM SPECIAL', 17.00, 'Beverage');
INSERT INTO MenuItems (ItemID, CategoryID, ItemName, BasePrice, ItemType) VALUES (275, 26, 'Avocado Sp', 17.00, 'Beverage');
INSERT INTO MenuItems (ItemID, CategoryID, ItemName, BasePrice, ItemType) VALUES (276, 26, 'Shifana', 17.00, 'Beverage');
INSERT INTO MenuItems (ItemID, CategoryID, ItemName, BasePrice, ItemType) VALUES (277, 26, 'Abood', 17.00, 'Beverage');
INSERT INTO MenuItems (ItemID, CategoryID, ItemName, BasePrice, ItemType) VALUES (278, 26, 'Burj Al Emirates', 17.00, 'Beverage');
INSERT INTO MenuItems (ItemID, CategoryID, ItemName, BasePrice, ItemType) VALUES (279, 26, 'Burj Al Arab', 17.00, 'Beverage');
INSERT INTO MenuItems (ItemID, CategoryID, ItemName, BasePrice, ItemType) VALUES (280, 27, 'Fruit Salad', 10.00, 'Dessert');
INSERT INTO MenuItems (ItemID, CategoryID, ItemName, BasePrice, ItemType) VALUES (281, 27, 'Mixed Ice Cream', 9.00, 'Dessert');
INSERT INTO MenuItems (ItemID, CategoryID, ItemName, BasePrice, ItemType) VALUES (282, 27, 'Ice Cream With Fruits', 16.00, 'Dessert');
INSERT INTO MenuItems (ItemID, CategoryID, ItemName, BasePrice, ItemType) VALUES (283, 27, 'Jeguts Special', 17.00, 'Dessert');
INSERT INTO MenuItems (ItemID, CategoryID, ItemName, BasePrice, ItemType) VALUES (284, 27, 'Fruif Plate', 17.00, 'Dessert');
INSERT INTO MenuItems (ItemID, CategoryID, ItemName, BasePrice, ItemType) VALUES (285, 28, 'Oreo Milk Shake', 15.00, 'Beverage');
INSERT INTO MenuItems (ItemID, CategoryID, ItemName, BasePrice, ItemType) VALUES (286, 28, 'KitKat Milk Shake', 15.00, 'Beverage');
INSERT INTO MenuItems (ItemID, CategoryID, ItemName, BasePrice, ItemType) VALUES (287, 28, 'Ferrero Rocher Milk Shake', 19.00, 'Beverage');
INSERT INTO MenuItems (ItemID, CategoryID, ItemName, BasePrice, ItemType) VALUES (288, 28, 'Kinder Milk Shake', 15.00, 'Beverage');
INSERT INTO MenuItems (ItemID, CategoryID, ItemName, BasePrice, ItemType) VALUES (289, 28, 'Galaxy Milk Shake', 15.00, 'Beverage');
INSERT INTO MenuItems (ItemID, CategoryID, ItemName, BasePrice, ItemType) VALUES (290, 28, 'Lotus Milk Shake', 15.00, 'Beverage');
INSERT INTO MenuItems (ItemID, CategoryID, ItemName, BasePrice, ItemType) VALUES (291, 28, 'Snickers Milk Shake', 15.00, 'Beverage');
INSERT INTO MenuItems (ItemID, CategoryID, ItemName, BasePrice, ItemType) VALUES (292, 28, 'Nutella Milk Shake', 15.00, 'Beverage');
INSERT INTO MenuItems (ItemID, CategoryID, ItemName, BasePrice, ItemType) VALUES (293, 28, 'Raffaello Tender Shake', 19.00, 'Beverage');
INSERT INTO MenuItems (ItemID, CategoryID, ItemName, BasePrice, ItemType) VALUES (294, 28, 'Maltesers Milk Shake', 15.00, 'Beverage');
INSERT INTO MenuItems (ItemID, CategoryID, ItemName, BasePrice, ItemType) VALUES (295, 28, 'Dark Chocolate Milk Shake', 15.00, 'Beverage');
INSERT INTO MenuItems (ItemID, CategoryID, ItemName, BasePrice, ItemType) VALUES (296, 28, 'Chickoo', 18.00, 'Beverage');
INSERT INTO MenuItems (ItemID, CategoryID, ItemName, BasePrice, ItemType) VALUES (297, 28, 'Jackfruit', 18.00, 'Beverage');
INSERT INTO MenuItems (ItemID, CategoryID, ItemName, BasePrice, ItemType) VALUES (298, 28, 'Vanilla', 16.00, 'Beverage');
INSERT INTO MenuItems (ItemID, CategoryID, ItemName, BasePrice, ItemType) VALUES (299, 28, 'Mango', 16.00, 'Beverage');
INSERT INTO MenuItems (ItemID, CategoryID, ItemName, BasePrice, ItemType) VALUES (300, 28, 'Strawberry', 16.00, 'Beverage');
INSERT INTO MenuItems (ItemID, CategoryID, ItemName, BasePrice, ItemType) VALUES (301, 28, 'Berry Milk Shake', 19.00, 'Beverage');
INSERT INTO MenuItems (ItemID, CategoryID, ItemName, BasePrice, ItemType) VALUES (302, 28, 'Boost Milk Shake', 15.00, 'Beverage');
INSERT INTO MenuItems (ItemID, CategoryID, ItemName, BasePrice, ItemType) VALUES (303, 28, 'Ice Nescafe', 15.00, 'Beverage');
INSERT INTO MenuItems (ItemID, CategoryID, ItemName, BasePrice, ItemType) VALUES (304, 28, 'Ice Cappacino', 15.00, 'Beverage');
INSERT INTO MenuItems (ItemID, CategoryID, ItemName, BasePrice, ItemType) VALUES (305, 28, 'Horlicks Milk Shake', 15.00, 'Beverage');
INSERT INTO MenuItems (ItemID, CategoryID, ItemName, BasePrice, ItemType) VALUES (306, 28, 'Mocha', 15.00, 'Beverage');
INSERT INTO MenuItems (ItemID, CategoryID, ItemName, BasePrice, ItemType) VALUES (307, 29, 'ROYAL FALOODA', 17.00, 'Beverage');
INSERT INTO MenuItems (ItemID, CategoryID, ItemName, BasePrice, ItemType) VALUES (308, 29, 'STRAWBERRY FALOODA', 16.00, 'Beverage');
INSERT INTO MenuItems (ItemID, CategoryID, ItemName, BasePrice, ItemType) VALUES (309, 29, 'MANGO FALOODA', 16.00, 'Beverage');
INSERT INTO MenuItems (ItemID, CategoryID, ItemName, BasePrice, ItemType) VALUES (310, 29, 'SET EL SHAM SPECIAL FALOODA', 16.00, 'Beverage');

-- Populate 10 Customers
INSERT INTO Customers (CustomerID, FirstName, LastName, Phone, Email) VALUES (1, 'Cust_1', 'Last_1', '0501110001', 'cust_1@example.com');
INSERT INTO Customers (CustomerID, FirstName, LastName, Phone, Email) VALUES (2, 'Cust_2', 'Last_2', '0501110002', 'cust_2@example.com');
INSERT INTO Customers (CustomerID, FirstName, LastName, Phone, Email) VALUES (3, 'Cust_3', 'Last_3', '0501110003', 'cust_3@example.com');
INSERT INTO Customers (CustomerID, FirstName, LastName, Phone, Email) VALUES (4, 'Cust_4', 'Last_4', '0501110004', 'cust_4@example.com');
INSERT INTO Customers (CustomerID, FirstName, LastName, Phone, Email) VALUES (5, 'Cust_5', 'Last_5', '0501110005', 'cust_5@example.com');
INSERT INTO Customers (CustomerID, FirstName, LastName, Phone, Email) VALUES (6, 'Cust_6', 'Last_6', '0501110006', 'cust_6@example.com');
INSERT INTO Customers (CustomerID, FirstName, LastName, Phone, Email) VALUES (7, 'Cust_7', 'Last_7', '0501110007', 'cust_7@example.com');
INSERT INTO Customers (CustomerID, FirstName, LastName, Phone, Email) VALUES (8, 'Cust_8', 'Last_8', '0501110008', 'cust_8@example.com');
INSERT INTO Customers (CustomerID, FirstName, LastName, Phone, Email) VALUES (9, 'Cust_9', 'Last_9', '0501110009', 'cust_9@example.com');
INSERT INTO Customers (CustomerID, FirstName, LastName, Phone, Email) VALUES (10, 'Cust_10', 'Last_10', '0501110010', 'cust_10@example.com');

-- Populate LoyaltyAccounts
INSERT INTO LoyaltyAccounts (CustomerID, PointsBalance) VALUES (1, 26);
INSERT INTO LoyaltyAccounts (CustomerID, PointsBalance) VALUES (2, 50);
INSERT INTO LoyaltyAccounts (CustomerID, PointsBalance) VALUES (3, 270);
INSERT INTO LoyaltyAccounts (CustomerID, PointsBalance) VALUES (4, 389);
INSERT INTO LoyaltyAccounts (CustomerID, PointsBalance) VALUES (5, 377);
INSERT INTO LoyaltyAccounts (CustomerID, PointsBalance) VALUES (6, 344);
INSERT INTO LoyaltyAccounts (CustomerID, PointsBalance) VALUES (7, 380);
INSERT INTO LoyaltyAccounts (CustomerID, PointsBalance) VALUES (8, 84);
INSERT INTO LoyaltyAccounts (CustomerID, PointsBalance) VALUES (9, 473);
INSERT INTO LoyaltyAccounts (CustomerID, PointsBalance) VALUES (10, 233);

-- Populate DiningTables
INSERT INTO DiningTables (TableID, TableNumber, Capacity, Status) VALUES (1, 1, 6, 'Available');
INSERT INTO DiningTables (TableID, TableNumber, Capacity, Status) VALUES (2, 2, 6, 'Available');
INSERT INTO DiningTables (TableID, TableNumber, Capacity, Status) VALUES (3, 3, 4, 'Available');
INSERT INTO DiningTables (TableID, TableNumber, Capacity, Status) VALUES (4, 4, 2, 'Available');
INSERT INTO DiningTables (TableID, TableNumber, Capacity, Status) VALUES (5, 5, 4, 'Available');
INSERT INTO DiningTables (TableID, TableNumber, Capacity, Status) VALUES (6, 6, 2, 'Available');
INSERT INTO DiningTables (TableID, TableNumber, Capacity, Status) VALUES (7, 7, 4, 'Available');
INSERT INTO DiningTables (TableID, TableNumber, Capacity, Status) VALUES (8, 8, 4, 'Available');
INSERT INTO DiningTables (TableID, TableNumber, Capacity, Status) VALUES (9, 9, 6, 'Available');
INSERT INTO DiningTables (TableID, TableNumber, Capacity, Status) VALUES (10, 10, 8, 'Available');

-- Populate 10 Employees
INSERT INTO Employees (EmployeeID, FirstName, LastName, Role, Phone) VALUES (1, 'Emp_1', 'Last_1', 'Manager', '0511110001');
INSERT INTO Employees (EmployeeID, FirstName, LastName, Role, Phone) VALUES (2, 'Emp_2', 'Last_2', 'Cashier', '0511110002');
INSERT INTO Employees (EmployeeID, FirstName, LastName, Role, Phone) VALUES (3, 'Emp_3', 'Last_3', 'Chef', '0511110003');
INSERT INTO Employees (EmployeeID, FirstName, LastName, Role, Phone) VALUES (4, 'Emp_4', 'Last_4', 'Waiter', '0511110004');
INSERT INTO Employees (EmployeeID, FirstName, LastName, Role, Phone) VALUES (5, 'Emp_5', 'Last_5', 'Waiter', '0511110005');
INSERT INTO Employees (EmployeeID, FirstName, LastName, Role, Phone) VALUES (6, 'Emp_6', 'Last_6', 'Waiter', '0511110006');
INSERT INTO Employees (EmployeeID, FirstName, LastName, Role, Phone) VALUES (7, 'Emp_7', 'Last_7', 'Chef', '0511110007');
INSERT INTO Employees (EmployeeID, FirstName, LastName, Role, Phone) VALUES (8, 'Emp_8', 'Last_8', 'Cashier', '0511110008');
INSERT INTO Employees (EmployeeID, FirstName, LastName, Role, Phone) VALUES (9, 'Emp_9', 'Last_9', 'Manager', '0511110009');
INSERT INTO Employees (EmployeeID, FirstName, LastName, Role, Phone) VALUES (10, 'Emp_10', 'Last_10', 'Waiter', '0511110010');

-- Populate Shifts
INSERT INTO Shifts (EmployeeID, ShiftDate, StartTime, EndTime) VALUES (1, '2026-05-22', '09:00:00', '17:00:00');
INSERT INTO Shifts (EmployeeID, ShiftDate, StartTime, EndTime) VALUES (2, '2026-05-22', '09:00:00', '17:00:00');
INSERT INTO Shifts (EmployeeID, ShiftDate, StartTime, EndTime) VALUES (3, '2026-05-22', '09:00:00', '17:00:00');
INSERT INTO Shifts (EmployeeID, ShiftDate, StartTime, EndTime) VALUES (4, '2026-05-22', '09:00:00', '17:00:00');
INSERT INTO Shifts (EmployeeID, ShiftDate, StartTime, EndTime) VALUES (5, '2026-05-22', '09:00:00', '17:00:00');
INSERT INTO Shifts (EmployeeID, ShiftDate, StartTime, EndTime) VALUES (6, '2026-05-22', '09:00:00', '17:00:00');
INSERT INTO Shifts (EmployeeID, ShiftDate, StartTime, EndTime) VALUES (7, '2026-05-22', '09:00:00', '17:00:00');
INSERT INTO Shifts (EmployeeID, ShiftDate, StartTime, EndTime) VALUES (8, '2026-05-22', '09:00:00', '17:00:00');
INSERT INTO Shifts (EmployeeID, ShiftDate, StartTime, EndTime) VALUES (9, '2026-05-22', '09:00:00', '17:00:00');
INSERT INTO Shifts (EmployeeID, ShiftDate, StartTime, EndTime) VALUES (10, '2026-05-22', '09:00:00', '17:00:00');

-- Populate Reservations
INSERT INTO Reservations (CustomerID, TableID, ResDate, ResTime, GuestCount) VALUES (1, 1, '2026-05-25', '19:00:00', 4);
INSERT INTO Reservations (CustomerID, TableID, ResDate, ResTime, GuestCount) VALUES (2, 2, '2026-05-25', '19:00:00', 4);
INSERT INTO Reservations (CustomerID, TableID, ResDate, ResTime, GuestCount) VALUES (3, 3, '2026-05-25', '19:00:00', 4);
INSERT INTO Reservations (CustomerID, TableID, ResDate, ResTime, GuestCount) VALUES (4, 4, '2026-05-25', '19:00:00', 4);
INSERT INTO Reservations (CustomerID, TableID, ResDate, ResTime, GuestCount) VALUES (5, 5, '2026-05-25', '19:00:00', 4);

-- Populate 20 Orders, OrderItems, Payments, Feedback
INSERT INTO Orders (OrderID, CustomerID, EmployeeID, TableID, OrderType, Status) VALUES (1, 2, 1, NULL, 'Takeaway', 'Completed');
INSERT INTO OrderItems (OrderItemID, OrderID, ItemID, Quantity, Subtotal) VALUES (1, 1, 115, 1, 8.00);
INSERT INTO OrderItems (OrderItemID, OrderID, ItemID, Quantity, Subtotal) VALUES (2, 1, 53, 3, 84.00);
INSERT INTO OrderItems (OrderItemID, OrderID, ItemID, Quantity, Subtotal) VALUES (3, 1, 280, 1, 10.00);
INSERT INTO Payments (OrderID, PaymentMethod, AmountPaid) VALUES (1, 'Online', 102.00);
INSERT INTO Feedback (CustomerID, OrderID, Rating, Comment) VALUES (2, 1, 3, 'Great food!');
INSERT INTO Orders (OrderID, CustomerID, EmployeeID, TableID, OrderType, Status) VALUES (2, 2, 4, NULL, 'Takeaway', 'Completed');
INSERT INTO OrderItems (OrderItemID, OrderID, ItemID, Quantity, Subtotal) VALUES (4, 2, 288, 1, 15.00);
INSERT INTO OrderItems (OrderItemID, OrderID, ItemID, Quantity, Subtotal) VALUES (5, 2, 280, 2, 20.00);
INSERT INTO Payments (OrderID, PaymentMethod, AmountPaid) VALUES (2, 'Card', 35.00);
INSERT INTO Orders (OrderID, CustomerID, EmployeeID, TableID, OrderType, Status) VALUES (3, 10, 5, 3, 'Dine-in', 'Completed');
INSERT INTO OrderItems (OrderItemID, OrderID, ItemID, Quantity, Subtotal) VALUES (6, 3, 175, 2, 10.00);
INSERT INTO OrderItems (OrderItemID, OrderID, ItemID, Quantity, Subtotal) VALUES (7, 3, 80, 1, 19.00);
INSERT INTO OrderItems (OrderItemID, OrderID, ItemID, Quantity, Subtotal) VALUES (8, 3, 173, 1, 17.00);
INSERT INTO OrderItems (OrderItemID, OrderID, ItemID, Quantity, Subtotal) VALUES (9, 3, 48, 2, 44.00);
INSERT INTO OrderItems (OrderItemID, OrderID, ItemID, Quantity, Subtotal) VALUES (10, 3, 50, 2, 16.00);
INSERT INTO Payments (OrderID, PaymentMethod, AmountPaid) VALUES (3, 'Card', 106.00);
INSERT INTO Orders (OrderID, CustomerID, EmployeeID, TableID, OrderType, Status) VALUES (4, 1, 8, 7, 'Dine-in', 'Completed');
INSERT INTO OrderItems (OrderItemID, OrderID, ItemID, Quantity, Subtotal) VALUES (11, 4, 283, 2, 34.00);
INSERT INTO OrderItems (OrderItemID, OrderID, ItemID, Quantity, Subtotal) VALUES (12, 4, 186, 3, 45.00);
INSERT INTO Payments (OrderID, PaymentMethod, AmountPaid) VALUES (4, 'Card', 79.00);
INSERT INTO Feedback (CustomerID, OrderID, Rating, Comment) VALUES (1, 4, 3, 'Great food!');
INSERT INTO Orders (OrderID, CustomerID, EmployeeID, TableID, OrderType, Status) VALUES (5, 4, 5, 4, 'Dine-in', 'Completed');
INSERT INTO OrderItems (OrderItemID, OrderID, ItemID, Quantity, Subtotal) VALUES (13, 5, 195, 2, 32.00);
INSERT INTO OrderItems (OrderItemID, OrderID, ItemID, Quantity, Subtotal) VALUES (14, 5, 233, 3, 183.00);
INSERT INTO Payments (OrderID, PaymentMethod, AmountPaid) VALUES (5, 'Card', 215.00);
INSERT INTO Feedback (CustomerID, OrderID, Rating, Comment) VALUES (4, 5, 4, 'Great food!');
INSERT INTO Orders (OrderID, CustomerID, EmployeeID, TableID, OrderType, Status) VALUES (6, 6, 4, NULL, 'Takeaway', 'Completed');
INSERT INTO OrderItems (OrderItemID, OrderID, ItemID, Quantity, Subtotal) VALUES (15, 6, 88, 3, 54.00);
INSERT INTO OrderItems (OrderItemID, OrderID, ItemID, Quantity, Subtotal) VALUES (16, 6, 126, 1, 11.00);
INSERT INTO Payments (OrderID, PaymentMethod, AmountPaid) VALUES (6, 'Online', 65.00);
INSERT INTO Orders (OrderID, CustomerID, EmployeeID, TableID, OrderType, Status) VALUES (7, 5, 9, NULL, 'Takeaway', 'Completed');
INSERT INTO OrderItems (OrderItemID, OrderID, ItemID, Quantity, Subtotal) VALUES (17, 7, 29, 1, 30.00);
INSERT INTO OrderItems (OrderItemID, OrderID, ItemID, Quantity, Subtotal) VALUES (18, 7, 17, 2, 36.00);
INSERT INTO OrderItems (OrderItemID, OrderID, ItemID, Quantity, Subtotal) VALUES (19, 7, 206, 2, 34.00);
INSERT INTO OrderItems (OrderItemID, OrderID, ItemID, Quantity, Subtotal) VALUES (20, 7, 34, 1, 15.00);
INSERT INTO Payments (OrderID, PaymentMethod, AmountPaid) VALUES (7, 'Card', 115.00);
INSERT INTO Feedback (CustomerID, OrderID, Rating, Comment) VALUES (5, 7, 5, 'Great food!');
INSERT INTO Orders (OrderID, CustomerID, EmployeeID, TableID, OrderType, Status) VALUES (8, 8, 7, NULL, 'Delivery', 'Completed');
INSERT INTO OrderItems (OrderItemID, OrderID, ItemID, Quantity, Subtotal) VALUES (21, 8, 136, 1, 15.00);
INSERT INTO OrderItems (OrderItemID, OrderID, ItemID, Quantity, Subtotal) VALUES (22, 8, 127, 3, 33.00);
INSERT INTO OrderItems (OrderItemID, OrderID, ItemID, Quantity, Subtotal) VALUES (23, 8, 288, 3, 45.00);
INSERT INTO Payments (OrderID, PaymentMethod, AmountPaid) VALUES (8, 'Card', 93.00);
INSERT INTO Orders (OrderID, CustomerID, EmployeeID, TableID, OrderType, Status) VALUES (9, 10, 7, NULL, 'Takeaway', 'Completed');
INSERT INTO OrderItems (OrderItemID, OrderID, ItemID, Quantity, Subtotal) VALUES (24, 9, 71, 3, 48.00);
INSERT INTO OrderItems (OrderItemID, OrderID, ItemID, Quantity, Subtotal) VALUES (25, 9, 253, 1, 18.00);
INSERT INTO OrderItems (OrderItemID, OrderID, ItemID, Quantity, Subtotal) VALUES (26, 9, 25, 1, 24.00);
INSERT INTO Payments (OrderID, PaymentMethod, AmountPaid) VALUES (9, 'Card', 90.00);
INSERT INTO Feedback (CustomerID, OrderID, Rating, Comment) VALUES (10, 9, 5, 'Great food!');
INSERT INTO Orders (OrderID, CustomerID, EmployeeID, TableID, OrderType, Status) VALUES (10, 7, 10, 7, 'Dine-in', 'Completed');
INSERT INTO OrderItems (OrderItemID, OrderID, ItemID, Quantity, Subtotal) VALUES (27, 10, 306, 2, 30.00);
INSERT INTO OrderItems (OrderItemID, OrderID, ItemID, Quantity, Subtotal) VALUES (28, 10, 271, 2, 34.00);
INSERT INTO OrderItems (OrderItemID, OrderID, ItemID, Quantity, Subtotal) VALUES (29, 10, 284, 1, 17.00);
INSERT INTO OrderItems (OrderItemID, OrderID, ItemID, Quantity, Subtotal) VALUES (30, 10, 59, 3, 42.00);
INSERT INTO OrderItems (OrderItemID, OrderID, ItemID, Quantity, Subtotal) VALUES (31, 10, 275, 2, 34.00);
INSERT INTO Payments (OrderID, PaymentMethod, AmountPaid) VALUES (10, 'Card', 157.00);
INSERT INTO Feedback (CustomerID, OrderID, Rating, Comment) VALUES (7, 10, 4, 'Great food!');
INSERT INTO Orders (OrderID, CustomerID, EmployeeID, TableID, OrderType, Status) VALUES (11, 7, 3, NULL, 'Delivery', 'Completed');
INSERT INTO OrderItems (OrderItemID, OrderID, ItemID, Quantity, Subtotal) VALUES (32, 11, 135, 3, 33.00);
INSERT INTO OrderItems (OrderItemID, OrderID, ItemID, Quantity, Subtotal) VALUES (33, 11, 92, 3, 30.00);
INSERT INTO Payments (OrderID, PaymentMethod, AmountPaid) VALUES (11, 'Cash', 63.00);
INSERT INTO Orders (OrderID, CustomerID, EmployeeID, TableID, OrderType, Status) VALUES (12, 9, 10, NULL, 'Takeaway', 'Completed');
INSERT INTO OrderItems (OrderItemID, OrderID, ItemID, Quantity, Subtotal) VALUES (34, 12, 192, 1, 16.00);
INSERT INTO OrderItems (OrderItemID, OrderID, ItemID, Quantity, Subtotal) VALUES (35, 12, 277, 3, 51.00);
INSERT INTO OrderItems (OrderItemID, OrderID, ItemID, Quantity, Subtotal) VALUES (36, 12, 1, 3, 33.00);
INSERT INTO Payments (OrderID, PaymentMethod, AmountPaid) VALUES (12, 'Card', 100.00);
INSERT INTO Orders (OrderID, CustomerID, EmployeeID, TableID, OrderType, Status) VALUES (13, 1, 2, NULL, 'Takeaway', 'Completed');
INSERT INTO OrderItems (OrderItemID, OrderID, ItemID, Quantity, Subtotal) VALUES (37, 13, 123, 1, 12.00);
INSERT INTO OrderItems (OrderItemID, OrderID, ItemID, Quantity, Subtotal) VALUES (38, 13, 124, 3, 36.00);
INSERT INTO OrderItems (OrderItemID, OrderID, ItemID, Quantity, Subtotal) VALUES (39, 13, 41, 1, 23.00);
INSERT INTO OrderItems (OrderItemID, OrderID, ItemID, Quantity, Subtotal) VALUES (40, 13, 249, 1, 11.00);
INSERT INTO Payments (OrderID, PaymentMethod, AmountPaid) VALUES (13, 'Card', 82.00);
INSERT INTO Feedback (CustomerID, OrderID, Rating, Comment) VALUES (1, 13, 5, 'Great food!');
INSERT INTO Orders (OrderID, CustomerID, EmployeeID, TableID, OrderType, Status) VALUES (14, 8, 9, NULL, 'Takeaway', 'Completed');
INSERT INTO OrderItems (OrderItemID, OrderID, ItemID, Quantity, Subtotal) VALUES (41, 14, 271, 3, 51.00);
INSERT INTO OrderItems (OrderItemID, OrderID, ItemID, Quantity, Subtotal) VALUES (42, 14, 217, 1, 13.00);
INSERT INTO OrderItems (OrderItemID, OrderID, ItemID, Quantity, Subtotal) VALUES (43, 14, 277, 3, 51.00);
INSERT INTO OrderItems (OrderItemID, OrderID, ItemID, Quantity, Subtotal) VALUES (44, 14, 103, 3, 81.00);
INSERT INTO Payments (OrderID, PaymentMethod, AmountPaid) VALUES (14, 'Card', 196.00);
INSERT INTO Orders (OrderID, CustomerID, EmployeeID, TableID, OrderType, Status) VALUES (15, 6, 8, NULL, 'Delivery', 'Completed');
INSERT INTO OrderItems (OrderItemID, OrderID, ItemID, Quantity, Subtotal) VALUES (45, 15, 127, 1, 11.00);
INSERT INTO OrderItems (OrderItemID, OrderID, ItemID, Quantity, Subtotal) VALUES (46, 15, 33, 2, 30.00);
INSERT INTO Payments (OrderID, PaymentMethod, AmountPaid) VALUES (15, 'Cash', 41.00);
INSERT INTO Feedback (CustomerID, OrderID, Rating, Comment) VALUES (6, 15, 5, 'Great food!');
INSERT INTO Orders (OrderID, CustomerID, EmployeeID, TableID, OrderType, Status) VALUES (16, 4, 1, 1, 'Dine-in', 'Completed');
INSERT INTO OrderItems (OrderItemID, OrderID, ItemID, Quantity, Subtotal) VALUES (47, 16, 35, 1, 15.00);
INSERT INTO OrderItems (OrderItemID, OrderID, ItemID, Quantity, Subtotal) VALUES (48, 16, 170, 1, 14.00);
INSERT INTO OrderItems (OrderItemID, OrderID, ItemID, Quantity, Subtotal) VALUES (49, 16, 264, 1, 14.00);
INSERT INTO Payments (OrderID, PaymentMethod, AmountPaid) VALUES (16, 'Card', 43.00);
INSERT INTO Orders (OrderID, CustomerID, EmployeeID, TableID, OrderType, Status) VALUES (17, 4, 9, NULL, 'Takeaway', 'Completed');
INSERT INTO OrderItems (OrderItemID, OrderID, ItemID, Quantity, Subtotal) VALUES (50, 17, 125, 2, 26.00);
INSERT INTO OrderItems (OrderItemID, OrderID, ItemID, Quantity, Subtotal) VALUES (51, 17, 209, 1, 16.00);
INSERT INTO OrderItems (OrderItemID, OrderID, ItemID, Quantity, Subtotal) VALUES (52, 17, 49, 1, 23.00);
INSERT INTO OrderItems (OrderItemID, OrderID, ItemID, Quantity, Subtotal) VALUES (53, 17, 221, 2, 28.00);
INSERT INTO OrderItems (OrderItemID, OrderID, ItemID, Quantity, Subtotal) VALUES (54, 17, 217, 2, 26.00);
INSERT INTO Payments (OrderID, PaymentMethod, AmountPaid) VALUES (17, 'Online', 119.00);
INSERT INTO Feedback (CustomerID, OrderID, Rating, Comment) VALUES (4, 17, 5, 'Great food!');
INSERT INTO Orders (OrderID, CustomerID, EmployeeID, TableID, OrderType, Status) VALUES (18, 2, 1, NULL, 'Delivery', 'Completed');
INSERT INTO OrderItems (OrderItemID, OrderID, ItemID, Quantity, Subtotal) VALUES (55, 18, 56, 1, 18.00);
INSERT INTO OrderItems (OrderItemID, OrderID, ItemID, Quantity, Subtotal) VALUES (56, 18, 99, 1, 16.00);
INSERT INTO OrderItems (OrderItemID, OrderID, ItemID, Quantity, Subtotal) VALUES (57, 18, 275, 2, 34.00);
INSERT INTO OrderItems (OrderItemID, OrderID, ItemID, Quantity, Subtotal) VALUES (58, 18, 72, 2, 30.00);
INSERT INTO Payments (OrderID, PaymentMethod, AmountPaid) VALUES (18, 'Card', 98.00);
INSERT INTO Orders (OrderID, CustomerID, EmployeeID, TableID, OrderType, Status) VALUES (19, 8, 4, 8, 'Dine-in', 'Completed');
INSERT INTO OrderItems (OrderItemID, OrderID, ItemID, Quantity, Subtotal) VALUES (59, 19, 26, 3, 90.00);
INSERT INTO OrderItems (OrderItemID, OrderID, ItemID, Quantity, Subtotal) VALUES (60, 19, 277, 1, 17.00);
INSERT INTO Payments (OrderID, PaymentMethod, AmountPaid) VALUES (19, 'Cash', 107.00);
INSERT INTO Feedback (CustomerID, OrderID, Rating, Comment) VALUES (8, 19, 3, 'Great food!');
INSERT INTO Orders (OrderID, CustomerID, EmployeeID, TableID, OrderType, Status) VALUES (20, 7, 8, NULL, 'Delivery', 'Completed');
INSERT INTO OrderItems (OrderItemID, OrderID, ItemID, Quantity, Subtotal) VALUES (61, 20, 206, 1, 17.00);
INSERT INTO OrderItems (OrderItemID, OrderID, ItemID, Quantity, Subtotal) VALUES (62, 20, 85, 2, 28.00);
INSERT INTO OrderItems (OrderItemID, OrderID, ItemID, Quantity, Subtotal) VALUES (63, 20, 2, 2, 18.00);
INSERT INTO Payments (OrderID, PaymentMethod, AmountPaid) VALUES (20, 'Card', 63.00);

-- Populate Suppliers
INSERT INTO Suppliers (SupplierID, SupplierName, ContactPerson, Phone) VALUES (1, 'Al Marai Dairy', 'Ahmed', '0521111111');
INSERT INTO Suppliers (SupplierID, SupplierName, ContactPerson, Phone) VALUES (2, 'Fresh Meats Co.', 'Sami', '0522222222');
INSERT INTO Suppliers (SupplierID, SupplierName, ContactPerson, Phone) VALUES (3, 'Global Spices', 'Ravi', '0523333333');
INSERT INTO Suppliers (SupplierID, SupplierName, ContactPerson, Phone) VALUES (4, 'Desert Veggies', 'Omar', '0524444444');

-- Populate Ingredients
INSERT INTO Ingredients (IngredientID, Name, UnitOfMeasure) VALUES (1, 'Chicken Breast', 'Kg');
INSERT INTO Ingredients (IngredientID, Name, UnitOfMeasure) VALUES (2, 'Beef Mince', 'Kg');
INSERT INTO Ingredients (IngredientID, Name, UnitOfMeasure) VALUES (3, 'Mutton', 'Kg');
INSERT INTO Ingredients (IngredientID, Name, UnitOfMeasure) VALUES (4, 'Prawns', 'Kg');
INSERT INTO Ingredients (IngredientID, Name, UnitOfMeasure) VALUES (5, 'Rice', 'Kg');
INSERT INTO Ingredients (IngredientID, Name, UnitOfMeasure) VALUES (6, 'Flour', 'Kg');
INSERT INTO Ingredients (IngredientID, Name, UnitOfMeasure) VALUES (7, 'Tomatoes', 'Kg');
INSERT INTO Ingredients (IngredientID, Name, UnitOfMeasure) VALUES (8, 'Onions', 'Kg');
INSERT INTO Ingredients (IngredientID, Name, UnitOfMeasure) VALUES (9, 'Garlic', 'Kg');
INSERT INTO Ingredients (IngredientID, Name, UnitOfMeasure) VALUES (10, 'Mozzarella Cheese', 'Kg');
INSERT INTO Ingredients (IngredientID, Name, UnitOfMeasure) VALUES (11, 'Vegetable Oil', 'Liters');
INSERT INTO Ingredients (IngredientID, Name, UnitOfMeasure) VALUES (12, 'Charcoal', 'Kg');

-- Populate Inventory
INSERT INTO Inventory (InventoryID, IngredientID, StockQuantity, ReorderLevel) VALUES (1, 1, 42.82, 10.00);
INSERT INTO Inventory (InventoryID, IngredientID, StockQuantity, ReorderLevel) VALUES (2, 2, 75.73, 10.00);
INSERT INTO Inventory (InventoryID, IngredientID, StockQuantity, ReorderLevel) VALUES (3, 3, 78.44, 10.00);
INSERT INTO Inventory (InventoryID, IngredientID, StockQuantity, ReorderLevel) VALUES (4, 4, 82.67, 10.00);
INSERT INTO Inventory (InventoryID, IngredientID, StockQuantity, ReorderLevel) VALUES (5, 5, 72.95, 10.00);
INSERT INTO Inventory (InventoryID, IngredientID, StockQuantity, ReorderLevel) VALUES (6, 6, 58.93, 10.00);
INSERT INTO Inventory (InventoryID, IngredientID, StockQuantity, ReorderLevel) VALUES (7, 7, 35.19, 10.00);
INSERT INTO Inventory (InventoryID, IngredientID, StockQuantity, ReorderLevel) VALUES (8, 8, 37.42, 10.00);
INSERT INTO Inventory (InventoryID, IngredientID, StockQuantity, ReorderLevel) VALUES (9, 9, 24.68, 10.00);
INSERT INTO Inventory (InventoryID, IngredientID, StockQuantity, ReorderLevel) VALUES (10, 10, 78.86, 10.00);
INSERT INTO Inventory (InventoryID, IngredientID, StockQuantity, ReorderLevel) VALUES (11, 11, 24.88, 10.00);
INSERT INTO Inventory (InventoryID, IngredientID, StockQuantity, ReorderLevel) VALUES (12, 12, 45.09, 10.00);

-- Populate SupplierOrders
INSERT INTO SupplierOrders (SupplierOrderID, SupplierID, TotalCost, Status) VALUES (1, 1, 333.67, 'Delivered');
INSERT INTO SupplierOrders (SupplierOrderID, SupplierID, TotalCost, Status) VALUES (2, 2, 122.75, 'Delivered');
INSERT INTO SupplierOrders (SupplierOrderID, SupplierID, TotalCost, Status) VALUES (3, 1, 440.54, 'Delivered');
INSERT INTO SupplierOrders (SupplierOrderID, SupplierID, TotalCost, Status) VALUES (4, 1, 338.01, 'Delivered');
INSERT INTO SupplierOrders (SupplierOrderID, SupplierID, TotalCost, Status) VALUES (5, 2, 261.51, 'Delivered');
-- ============================================================
-- BACKFILL: recompute Orders.TotalAmount from its line items.
-- Absolute SET (not +=) so re-running this file never double-counts.
-- ============================================================
UPDATE Orders o
SET o.TotalAmount = (
    SELECT COALESCE(SUM(oi.Subtotal), 0)
    FROM OrderItems oi
    WHERE oi.OrderID = o.OrderID
);
